1,5,21,85,341,1365,5461,21845,87381,349525
3,13,53,213,853,3413,13653,54613,218453,873813
9,37,149,597,2389,9557,38229,152917,611669,2446677
7,29,117,469,1877,7509,30037,120149,480597,1922389
17,69,277,1109,4437,17749,70997,283989,1135957,4543829
11,45,181,725,2901,11605,46421,185685,742741,2970965
25,101,405,1621,6485,25941,103765,415061,1660245,6640981
15,61,245,981,3925,15701,62805,251221,1004885,4019541
33,133,533,2133,8533,34133,136533,546133,2184533,8738133
19,77,309,1237,4949,19797,79189,316757,1267029,5068117
41,165,661,2645,10581,42325,169301,677205,2708821,10835285
23,93,373,1493,5973,23893,95573,382293,1529173,6116693
49,197,789,3157,12629,50517,202069,808277,3233109,12932437
27,109,437,1749,6997,27989,111957,447829,1791317,7165269
57,229,917,3669,14677,58709,234837,939349,3757397,15029589
31,125,501,2005,8021,32085,128341,513365,2053461,8213845
65,261,1045,4181,16725,66901,267605,1070421,4281685,17126741
35,141,565,2261,9045,36181,144725,578901,2315605,9262421
73,293,1173,4693,18773,75093,300373,1201493,4805973,19223893
39,157,629,2517,10069,40277,161109,644437,2577749,10310997
81,325,1301,5205,20821,83285,333141,1332565,5330261,21321045
43,173,693,2773,11093,44373,177493,709973,2839893,11359573
89,357,1429,5717,22869,91477,365909,1463637,5854549,23418197
47,189,757,3029,12117,48469,193877,775509,3102037,12408149
97,389,1557,6229,24917,99669,398677,1594709,6378837,25515349
51,205,821,3285,13141,52565,210261,841045,3364181,13456725
105,421,1685,6741,26965,107861,431445,1725781,6903125,27612501
55,221,885,3541,14165,56661,226645,906581,3626325,14505301
113,453,1813,7253,29013,116053,464213,1856853,7427413,29709653
59,237,949,3797,15189,60757,243029,972117,3888469,15553877
121,485,1941,7765,31061,124245,496981,1987925,7951701,31806805
63,253,1013,4053,16213,64853,259413,1037653,4150613,16602453
129,517,2069,8277,33109,132437,529749,2118997,8475989,33903957
67,269,1077,4309,17237,68949,275797,1103189,4412757,17651029
137,549,2197,8789,35157,140629,562517,2250069,9000277,36001109
71,285,1141,4565,18261,73045,292181,1168725,4674901,18699605
145,581,2325,9301,37205,148821,595285,2381141,9524565,38098261
75,301,1205,4821,19285,77141,308565,1234261,4937045,19748181
153,613,2453,9813,39253,157013,628053,2512213,10048853,40195413
79,317,1269,5077,20309,81237,324949,1299797,5199189,20796757
161,645,2581,10325,41301,165205,660821,2643285,10573141,42292565
83,333,1333,5333,21333,85333,341333,1365333,5461333,21845333
169,677,2709,10837,43349,173397,693589,2774357,11097429,44389717
87,349,1397,5589,22357,89429,357717,1430869,5723477,22893909
177,709,2837,11349,45397,181589,726357,2905429,11621717,46486869
91,365,1461,5845,23381,93525,374101,1496405,5985621,23942485
185,741,2965,11861,47445,189781,759125,3036501,12146005,48584021
95,381,1525,6101,24405,97621,390485,1561941,6247765,24991061
193,773,3093,12373,49493,197973,791893,3167573,12670293,50681173
99,397,1589,6357,25429,101717,406869,1627477,6509909,26039637
201,805,3221,12885,51541,206165,824661,3298645,13194581,52778325
103,413,1653,6613,26453,105813,423253,1693013,6772053,27088213
209,837,3349,13397,53589,214357,857429,3429717,13718869,54875477
107,429,1717,6869,27477,109909,439637,1758549,7034197,28136789
217,869,3477,13909,55637,222549,890197,3560789,14243157,56972629
111,445,1781,7125,28501,114005,456021,1824085,7296341,29185365
225,901,3605,14421,57685,230741,922965,3691861,14767445,59069781
115,461,1845,7381,29525,118101,472405,1889621,7558485,30233941
233,933,3733,14933,59733,238933,955733,3822933,15291733,61166933
119,477,1909,7637,30549,122197,488789,1955157,7820629,31282517
241,965,3861,15445,61781,247125,988501,3954005,15816021,63264085
123,493,1973,7893,31573,126293,505173,2020693,8082773,32331093
249,997,3989,15957,63829,255317,1021269,4085077,16340309,65361237
127,509,2037,8149,32597,130389,521557,2086229,8344917,33379669
257,1029,4117,16469,65877,263509,1054037,4216149,16864597,67458389
131,525,2101,8405,33621,134485,537941,2151765,8607061,34428245
265,1061,4245,16981,67925,271701,1086805,4347221,17388885,69555541
135,541,2165,8661,34645,138581,554325,2217301,8869205,35476821
273,1093,4373,17493,69973,279893,1119573,4478293,17913173,71652693
139,557,2229,8917,35669,142677,570709,2282837,9131349,36525397
281,1125,4501,18005,72021,288085,1152341,4609365,18437461,73749845
143,573,2293,9173,36693,146773,587093,2348373,9393493,37573973
289,1157,4629,18517,74069,296277,1185109,4740437,18961749,75846997
147,589,2357,9429,37717,150869,603477,2413909,9655637,38622549
297,1189,4757,19029,76117,304469,1217877,4871509,19486037,77944149
151,605,2421,9685,38741,154965,619861,2479445,9917781,39671125
305,1221,4885,19541,78165,312661,1250645,5002581,20010325,80041301
155,621,2485,9941,39765,159061,636245,2544981,10179925,40719701
313,1253,5013,20053,80213,320853,1283413,5133653,20534613,82138453
159,637,2549,10197,40789,163157,652629,2610517,10442069,41768277
321,1285,5141,20565,82261,329045,1316181,5264725,21058901,84235605
163,653,2613,10453,41813,167253,669013,2676053,10704213,42816853
329,1317,5269,21077,84309,337237,1348949,5395797,21583189,86332757
167,669,2677,10709,42837,171349,685397,2741589,10966357,43865429
337,1349,5397,21589,86357,345429,1381717,5526869,22107477,88429909
171,685,2741,10965,43861,175445,701781,2807125,11228501,44914005
345,1381,5525,22101,88405,353621,1414485,5657941,22631765,90527061
175,701,2805,11221,44885,179541,718165,2872661,11490645,45962581
353,1413,5653,22613,90453,361813,1447253,5789013,23156053,92624213
179,717,2869,11477,45909,183637,734549,2938197,11752789,47011157
361,1445,5781,23125,92501,370005,1480021,5920085,23680341,94721365
183,733,2933,11733,46933,187733,750933,3003733,12014933,48059733
369,1477,5909,23637,94549,378197,1512789,6051157,24204629,96818517
187,749,2997,11989,47957,191829,767317,3069269,12277077,49108309
377,1509,6037,24149,96597,386389,1545557,6182229,24728917,98915669
191,765,3061,12245,48981,195925,783701,3134805,12539221,50156885
385,1541,6165,24661,98645,394581,1578325,6313301,25253205,101012821
195,781,3125,12501,50005,200021,800085,3200341,12801365,51205461
393,1573,6293,25173,100693,402773,1611093,6444373,25777493,103109973
199,797,3189,12757,51029,204117,816469,3265877,13063509,52254037
401,1605,6421,25685,102741,410965,1643861,6575445,26301781,105207125
203,813,3253,13013,52053,208213,832853,3331413,13325653,53302613
409,1637,6549,26197,104789,419157,1676629,6706517,26826069,107304277
207,829,3317,13269,53077,212309,849237,3396949,13587797,54351189
417,1669,6677,26709,106837,427349,1709397,6837589,27350357,109401429
211,845,3381,13525,54101,216405,865621,3462485,13849941,55399765
425,1701,6805,27221,108885,435541,1742165,6968661,27874645,111498581
215,861,3445,13781,55125,220501,882005,3528021,14112085,56448341
433,1733,6933,27733,110933,443733,1774933,7099733,28398933,113595733
219,877,3509,14037,56149,224597,898389,3593557,14374229,57496917
441,1765,7061,28245,112981,451925,1807701,7230805,28923221,115692885
223,893,3573,14293,57173,228693,914773,3659093,14636373,58545493
449,1797,7189,28757,115029,460117,1840469,7361877,29447509,117790037
227,909,3637,14549,58197,232789,931157,3724629,14898517,59594069
457,1829,7317,29269,117077,468309,1873237,7492949,29971797,119887189
231,925,3701,14805,59221,236885,947541,3790165,15160661,60642645
465,1861,7445,29781,119125,476501,1906005,7624021,30496085,121984341
235,941,3765,15061,60245,240981,963925,3855701,15422805,61691221
473,1893,7573,30293,121173,484693,1938773,7755093,31020373,124081493
239,957,3829,15317,61269,245077,980309,3921237,15684949,62739797
481,1925,7701,30805,123221,492885,1971541,7886165,31544661,126178645
243,973,3893,15573,62293,249173,996693,3986773,15947093,63788373
489,1957,7829,31317,125269,501077,2004309,8017237,32068949,128275797
247,989,3957,15829,63317,253269,1013077,4052309,16209237,64836949
497,1989,7957,31829,127317,509269,2037077,8148309,32593237,130372949
251,1005,4021,16085,64341,257365,1029461,4117845,16471381,65885525
505,2021,8085,32341,129365,517461,2069845,8279381,33117525,132470101
255,1021,4085,16341,65365,261461,1045845,4183381,16733525,66934101
513,2053,8213,32853,131413,525653,2102613,8410453,33641813,134567253
259,1037,4149,16597,66389,265557,1062229,4248917,16995669,67982677
521,2085,8341,33365,133461,533845,2135381,8541525,34166101,136664405
263,1053,4213,16853,67413,269653,1078613,4314453,17257813,69031253
529,2117,8469,33877,135509,542037,2168149,8672597,34690389,138761557
267,1069,4277,17109,68437,273749,1094997,4379989,17519957,70079829
537,2149,8597,34389,137557,550229,2200917,8803669,35214677,140858709
271,1085,4341,17365,69461,277845,1111381,4445525,17782101,71128405
545,2181,8725,34901,139605,558421,2233685,8934741,35738965,142955861
275,1101,4405,17621,70485,281941,1127765,4511061,18044245,72176981
553,2213,8853,35413,141653,566613,2266453,9065813,36263253,145053013
279,1117,4469,17877,71509,286037,1144149,4576597,18306389,73225557
561,2245,8981,35925,143701,574805,2299221,9196885,36787541,147150165
283,1133,4533,18133,72533,290133,1160533,4642133,18568533,74274133
569,2277,9109,36437,145749,582997,2331989,9327957,37311829,149247317
287,1149,4597,18389,73557,294229,1176917,4707669,18830677,75322709
577,2309,9237,36949,147797,591189,2364757,9459029,37836117,151344469
291,1165,4661,18645,74581,298325,1193301,4773205,19092821,76371285
585,2341,9365,37461,149845,599381,2397525,9590101,38360405,153441621
295,1181,4725,18901,75605,302421,1209685,4838741,19354965,77419861
593,2373,9493,37973,151893,607573,2430293,9721173,38884693,155538773
299,1197,4789,19157,76629,306517,1226069,4904277,19617109,78468437
601,2405,9621,38485,153941,615765,2463061,9852245,39408981,157635925
303,1213,4853,19413,77653,310613,1242453,4969813,19879253,79517013
609,2437,9749,38997,155989,623957,2495829,9983317,39933269,159733077
307,1229,4917,19669,78677,314709,1258837,5035349,20141397,80565589
617,2469,9877,39509,158037,632149,2528597,10114389,40457557,161830229
311,1245,4981,19925,79701,318805,1275221,5100885,20403541,81614165
625,2501,10005,40021,160085,640341,2561365,10245461,40981845,163927381
315,1261,5045,20181,80725,322901,1291605,5166421,20665685,82662741
633,2533,10133,40533,162133,648533,2594133,10376533,41506133,166024533
319,1277,5109,20437,81749,326997,1307989,5231957,20927829,83711317
641,2565,10261,41045,164181,656725,2626901,10507605,42030421,168121685
323,1293,5173,20693,82773,331093,1324373,5297493,21189973,84759893
649,2597,10389,41557,166229,664917,2659669,10638677,42554709,170218837
327,1309,5237,20949,83797,335189,1340757,5363029,21452117,85808469
657,2629,10517,42069,168277,673109,2692437,10769749,43078997,172315989
331,1325,5301,21205,84821,339285,1357141,5428565,21714261,86857045
665,2661,10645,42581,170325,681301,2725205,10900821,43603285,174413141
335,1341,5365,21461,85845,343381,1373525,5494101,21976405,87905621
673,2693,10773,43093,172373,689493,2757973,11031893,44127573,176510293
339,1357,5429,21717,86869,347477,1389909,5559637,22238549,88954197
681,2725,10901,43605,174421,697685,2790741,11162965,44651861,178607445
343,1373,5493,21973,87893,351573,1406293,5625173,22500693,90002773
689,2757,11029,44117,176469,705877,2823509,11294037,45176149,180704597
347,1389,5557,22229,88917,355669,1422677,5690709,22762837,91051349
697,2789,11157,44629,178517,714069,2856277,11425109,45700437,182801749
351,1405,5621,22485,89941,359765,1439061,5756245,23024981,92099925
705,2821,11285,45141,180565,722261,2889045,11556181,46224725,184898901
355,1421,5685,22741,90965,363861,1455445,5821781,23287125,93148501
713,2853,11413,45653,182613,730453,2921813,11687253,46749013,186996053
359,1437,5749,22997,91989,367957,1471829,5887317,23549269,94197077
721,2885,11541,46165,184661,738645,2954581,11818325,47273301,189093205
363,1453,5813,23253,93013,372053,1488213,5952853,23811413,95245653
729,2917,11669,46677,186709,746837,2987349,11949397,47797589,191190357
367,1469,5877,23509,94037,376149,1504597,6018389,24073557,96294229
737,2949,11797,47189,188757,755029,3020117,12080469,48321877,193287509
371,1485,5941,23765,95061,380245,1520981,6083925,24335701,97342805
745,2981,11925,47701,190805,763221,3052885,12211541,48846165,195384661
375,1501,6005,24021,96085,384341,1537365,6149461,24597845,98391381
753,3013,12053,48213,192853,771413,3085653,12342613,49370453,197481813
379,1517,6069,24277,97109,388437,1553749,6214997,24859989,99439957
761,3045,12181,48725,194901,779605,3118421,12473685,49894741,199578965
383,1533,6133,24533,98133,392533,1570133,6280533,25122133,100488533
769,3077,12309,49237,196949,787797,3151189,12604757,50419029,201676117
387,1549,6197,24789,99157,396629,1586517,6346069,25384277,101537109
777,3109,12437,49749,198997,795989,3183957,12735829,50943317,203773269
391,1565,6261,25045,100181,400725,1602901,6411605,25646421,102585685
785,3141,12565,50261,201045,804181,3216725,12866901,51467605,205870421
395,1581,6325,25301,101205,404821,1619285,6477141,25908565,103634261
793,3173,12693,50773,203093,812373,3249493,12997973,51991893,207967573
399,1597,6389,25557,102229,408917,1635669,6542677,26170709,104682837
801,3205,12821,51285,205141,820565,3282261,13129045,52516181,210064725
403,1613,6453,25813,103253,413013,1652053,6608213,26432853,105731413
809,3237,12949,51797,207189,828757,3315029,13260117,53040469,212161877
407,1629,6517,26069,104277,417109,1668437,6673749,26694997,106779989
817,3269,13077,52309,209237,836949,3347797,13391189,53564757,214259029
411,1645,6581,26325,105301,421205,1684821,6739285,26957141,107828565
825,3301,13205,52821,211285,845141,3380565,13522261,54089045,216356181
415,1661,6645,26581,106325,425301,1701205,6804821,27219285,108877141
833,3333,13333,53333,213333,853333,3413333,13653333,54613333,218453333
419,1677,6709,26837,107349,429397,1717589,6870357,27481429,109925717
841,3365,13461,53845,215381,861525,3446101,13784405,55137621,220550485
423,1693,6773,27093,108373,433493,1733973,6935893,27743573,110974293
849,3397,13589,54357,217429,869717,3478869,13915477,55661909,222647637
427,1709,6837,27349,109397,437589,1750357,7001429,28005717,112022869
857,3429,13717,54869,219477,877909,3511637,14046549,56186197,224744789
431,1725,6901,27605,110421,441685,1766741,7066965,28267861,113071445
865,3461,13845,55381,221525,886101,3544405,14177621,56710485,226841941
435,1741,6965,27861,111445,445781,1783125,7132501,28530005,114120021
873,3493,13973,55893,223573,894293,3577173,14308693,57234773,228939093
439,1757,7029,28117,112469,449877,1799509,7198037,28792149,115168597
881,3525,14101,56405,225621,902485,3609941,14439765,57759061,231036245
443,1773,7093,28373,113493,453973,1815893,7263573,29054293,116217173
889,3557,14229,56917,227669,910677,3642709,14570837,58283349,233133397
447,1789,7157,28629,114517,458069,1832277,7329109,29316437,117265749
897,3589,14357,57429,229717,918869,3675477,14701909,58807637,235230549
451,1805,7221,28885,115541,462165,1848661,7394645,29578581,118314325
905,3621,14485,57941,231765,927061,3708245,14832981,59331925,237327701
455,1821,7285,29141,116565,466261,1865045,7460181,29840725,119362901
913,3653,14613,58453,233813,935253,3741013,14964053,59856213,239424853
459,1837,7349,29397,117589,470357,1881429,7525717,30102869,120411477
921,3685,14741,58965,235861,943445,3773781,15095125,60380501,241522005
463,1853,7413,29653,118613,474453,1897813,7591253,30365013,121460053
929,3717,14869,59477,237909,951637,3806549,15226197,60904789,243619157
467,1869,7477,29909,119637,478549,1914197,7656789,30627157,122508629
937,3749,14997,59989,239957,959829,3839317,15357269,61429077,245716309
471,1885,7541,30165,120661,482645,1930581,7722325,30889301,123557205
945,3781,15125,60501,242005,968021,3872085,15488341,61953365,247813461
475,1901,7605,30421,121685,486741,1946965,7787861,31151445,124605781
953,3813,15253,61013,244053,976213,3904853,15619413,62477653,249910613
479,1917,7669,30677,122709,490837,1963349,7853397,31413589,125654357
961,3845,15381,61525,246101,984405,3937621,15750485,63001941,252007765
483,1933,7733,30933,123733,494933,1979733,7918933,31675733,126702933
969,3877,15509,62037,248149,992597,3970389,15881557,63526229,254104917
487,1949,7797,31189,124757,499029,1996117,7984469,31937877,127751509
977,3909,15637,62549,250197,1000789,4003157,16012629,64050517,256202069
491,1965,7861,31445,125781,503125,2012501,8050005,32200021,128800085
985,3941,15765,63061,252245,1008981,4035925,16143701,64574805,258299221
495,1981,7925,31701,126805,507221,2028885,8115541,32462165,129848661
993,3973,15893,63573,254293,1017173,4068693,16274773,65099093,260396373
499,1997,7989,31957,127829,511317,2045269,8181077,32724309,130897237
1001,4005,16021,64085,256341,1025365,4101461,16405845,65623381,262493525
503,2013,8053,32213,128853,515413,2061653,8246613,32986453,131945813
1009,4037,16149,64597,258389,1033557,4134229,16536917,66147669,264590677
507,2029,8117,32469,129877,519509,2078037,8312149,33248597,132994389
1017,4069,16277,65109,260437,1041749,4166997,16667989,66671957,266687829
511,2045,8181,32725,130901,523605,2094421,8377685,33510741,134042965
1025,4101,16405,65621,262485,1049941,4199765,16799061,67196245,268784981
515,2061,8245,32981,131925,527701,2110805,8443221,33772885,135091541
1033,4133,16533,66133,264533,1058133,4232533,16930133,67720533,270882133
519,2077,8309,33237,132949,531797,2127189,8508757,34035029,136140117
1041,4165,16661,66645,266581,1066325,4265301,17061205,68244821,272979285
523,2093,8373,33493,133973,535893,2143573,8574293,34297173,137188693
1049,4197,16789,67157,268629,1074517,4298069,17192277,68769109,275076437
527,2109,8437,33749,134997,539989,2159957,8639829,34559317,138237269
1057,4229,16917,67669,270677,1082709,4330837,17323349,69293397,277173589
531,2125,8501,34005,136021,544085,2176341,8705365,34821461,139285845
1065,4261,17045,68181,272725,1090901,4363605,17454421,69817685,279270741
535,2141,8565,34261,137045,548181,2192725,8770901,35083605,140334421
1073,4293,17173,68693,274773,1099093,4396373,17585493,70341973,281367893
539,2157,8629,34517,138069,552277,2209109,8836437,35345749,141382997
1081,4325,17301,69205,276821,1107285,4429141,17716565,70866261,283465045
543,2173,8693,34773,139093,556373,2225493,8901973,35607893,142431573
1089,4357,17429,69717,278869,1115477,4461909,17847637,71390549,285562197
547,2189,8757,35029,140117,560469,2241877,8967509,35870037,143480149
1097,4389,17557,70229,280917,1123669,4494677,17978709,71914837,287659349
551,2205,8821,35285,141141,564565,2258261,9033045,36132181,144528725
1105,4421,17685,70741,282965,1131861,4527445,18109781,72439125,289756501
555,2221,8885,35541,142165,568661,2274645,9098581,36394325,145577301
1113,4453,17813,71253,285013,1140053,4560213,18240853,72963413,291853653
559,2237,8949,35797,143189,572757,2291029,9164117,36656469,146625877
1121,4485,17941,71765,287061,1148245,4592981,18371925,73487701,293950805
563,2253,9013,36053,144213,576853,2307413,9229653,36918613,147674453
1129,4517,18069,72277,289109,1156437,4625749,18502997,74011989,296047957
567,2269,9077,36309,145237,580949,2323797,9295189,37180757,148723029
1137,4549,18197,72789,291157,1164629,4658517,18634069,74536277,298145109
571,2285,9141,36565,146261,585045,2340181,9360725,37442901,149771605
1145,4581,18325,73301,293205,1172821,4691285,18765141,75060565,300242261
575,2301,9205,36821,147285,589141,2356565,9426261,37705045,150820181
1153,4613,18453,73813,295253,1181013,4724053,18896213,75584853,302339413
579,2317,9269,37077,148309,593237,2372949,9491797,37967189,151868757
1161,4645,18581,74325,297301,1189205,4756821,19027285,76109141,304436565
583,2333,9333,37333,149333,597333,2389333,9557333,38229333,152917333
1169,4677,18709,74837,299349,1197397,4789589,19158357,76633429,306533717
587,2349,9397,37589,150357,601429,2405717,9622869,38491477,153965909
1177,4709,18837,75349,301397,1205589,4822357,19289429,77157717,308630869
591,2365,9461,37845,151381,605525,2422101,9688405,38753621,155014485
1185,4741,18965,75861,303445,1213781,4855125,19420501,77682005,310728021
595,2381,9525,38101,152405,609621,2438485,9753941,39015765,156063061
1193,4773,19093,76373,305493,1221973,4887893,19551573,78206293,312825173
599,2397,9589,38357,153429,613717,2454869,9819477,39277909,157111637
1201,4805,19221,76885,307541,1230165,4920661,19682645,78730581,314922325
603,2413,9653,38613,154453,617813,2471253,9885013,39540053,158160213
1209,4837,19349,77397,309589,1238357,4953429,19813717,79254869,317019477
607,2429,9717,38869,155477,621909,2487637,9950549,39802197,159208789
1217,4869,19477,77909,311637,1246549,4986197,19944789,79779157,319116629
611,2445,9781,39125,156501,626005,2504021,10016085,40064341,160257365
1225,4901,19605,78421,313685,1254741,5018965,20075861,80303445,321213781
615,2461,9845,39381,157525,630101,2520405,10081621,40326485,161305941
1233,4933,19733,78933,315733,1262933,5051733,20206933,80827733,323310933
619,2477,9909,39637,158549,634197,2536789,10147157,40588629,162354517
1241,4965,19861,79445,317781,1271125,5084501,20338005,81352021,325408085
623,2493,9973,39893,159573,638293,2553173,10212693,40850773,163403093
1249,4997,19989,79957,319829,1279317,5117269,20469077,81876309,327505237
627,2509,10037,40149,160597,642389,2569557,10278229,41112917,164451669
1257,5029,20117,80469,321877,1287509,5150037,20600149,82400597,329602389
631,2525,10101,40405,161621,646485,2585941,10343765,41375061,165500245
1265,5061,20245,80981,323925,1295701,5182805,20731221,82924885,331699541
635,2541,10165,40661,162645,650581,2602325,10409301,41637205,166548821
1273,5093,20373,81493,325973,1303893,5215573,20862293,83449173,333796693
639,2557,10229,40917,163669,654677,2618709,10474837,41899349,167597397
1281,5125,20501,82005,328021,1312085,5248341,20993365,83973461,335893845
643,2573,10293,41173,164693,658773,2635093,10540373,42161493,168645973
1289,5157,20629,82517,330069,1320277,5281109,21124437,84497749,337990997
647,2589,10357,41429,165717,662869,2651477,10605909,42423637,169694549
1297,5189,20757,83029,332117,1328469,5313877,21255509,85022037,340088149
651,2605,10421,41685,166741,666965,2667861,10671445,42685781,170743125
1305,5221,20885,83541,334165,1336661,5346645,21386581,85546325,342185301
655,2621,10485,41941,167765,671061,2684245,10736981,42947925,171791701
1313,5253,21013,84053,336213,1344853,5379413,21517653,86070613,344282453
659,2637,10549,42197,168789,675157,2700629,10802517,43210069,172840277
1321,5285,21141,84565,338261,1353045,5412181,21648725,86594901,346379605
663,2653,10613,42453,169813,679253,2717013,10868053,43472213,173888853
1329,5317,21269,85077,340309,1361237,5444949,21779797,87119189,348476757
667,2669,10677,42709,170837,683349,2733397,10933589,43734357,174937429
1337,5349,21397,85589,342357,1369429,5477717,21910869,87643477,350573909
671,2685,10741,42965,171861,687445,2749781,10999125,43996501,175986005
1345,5381,21525,86101,344405,1377621,5510485,22041941,88167765,352671061
675,2701,10805,43221,172885,691541,2766165,11064661,44258645,177034581
1353,5413,21653,86613,346453,1385813,5543253,22173013,88692053,354768213
679,2717,10869,43477,173909,695637,2782549,11130197,44520789,178083157
1361,5445,21781,87125,348501,1394005,5576021,22304085,89216341,356865365
683,2733,10933,43733,174933,699733,2798933,11195733,44782933,179131733
1369,5477,21909,87637,350549,1402197,5608789,22435157,89740629,358962517
687,2749,10997,43989,175957,703829,2815317,11261269,45045077,180180309
1377,5509,22037,88149,352597,1410389,5641557,22566229,90264917,361059669
691,2765,11061,44245,176981,707925,2831701,11326805,45307221,181228885
1385,5541,22165,88661,354645,1418581,5674325,22697301,90789205,363156821
695,2781,11125,44501,178005,712021,2848085,11392341,45569365,182277461
1393,5573,22293,89173,356693,1426773,5707093,22828373,91313493,365253973
699,2797,11189,44757,179029,716117,2864469,11457877,45831509,183326037
1401,5605,22421,89685,358741,1434965,5739861,22959445,91837781,367351125
703,2813,11253,45013,180053,720213,2880853,11523413,46093653,184374613
1409,5637,22549,90197,360789,1443157,5772629,23090517,92362069,369448277
707,2829,11317,45269,181077,724309,2897237,11588949,46355797,185423189
1417,5669,22677,90709,362837,1451349,5805397,23221589,92886357,371545429
711,2845,11381,45525,182101,728405,2913621,11654485,46617941,186471765
1425,5701,22805,91221,364885,1459541,5838165,23352661,93410645,373642581
715,2861,11445,45781,183125,732501,2930005,11720021,46880085,187520341
1433,5733,22933,91733,366933,1467733,5870933,23483733,93934933,375739733
719,2877,11509,46037,184149,736597,2946389,11785557,47142229,188568917
1441,5765,23061,92245,368981,1475925,5903701,23614805,94459221,377836885
723,2893,11573,46293,185173,740693,2962773,11851093,47404373,189617493
1449,5797,23189,92757,371029,1484117,5936469,23745877,94983509,379934037
727,2909,11637,46549,186197,744789,2979157,11916629,47666517,190666069
1457,5829,23317,93269,373077,1492309,5969237,23876949,95507797,382031189
731,2925,11701,46805,187221,748885,2995541,11982165,47928661,191714645
1465,5861,23445,93781,375125,1500501,6002005,24008021,96032085,384128341
735,2941,11765,47061,188245,752981,3011925,12047701,48190805,192763221
1473,5893,23573,94293,377173,1508693,6034773,24139093,96556373,386225493
739,2957,11829,47317,189269,757077,3028309,12113237,48452949,193811797
1481,5925,23701,94805,379221,1516885,6067541,24270165,97080661,388322645
743,2973,11893,47573,190293,761173,3044693,12178773,48715093,194860373
1489,5957,23829,95317,381269,1525077,6100309,24401237,97604949,390419797
747,2989,11957,47829,191317,765269,3061077,12244309,48977237,195908949
1497,5989,23957,95829,383317,1533269,6133077,24532309,98129237,392516949
751,3005,12021,48085,192341,769365,3077461,12309845,49239381,196957525
1505,6021,24085,96341,385365,1541461,6165845,24663381,98653525,394614101
755,3021,12085,48341,193365,773461,3093845,12375381,49501525,198006101
1513,6053,24213,96853,387413,1549653,6198613,24794453,99177813,396711253
759,3037,12149,48597,194389,777557,3110229,12440917,49763669,199054677
1521,6085,24341,97365,389461,1557845,6231381,24925525,99702101,398808405
763,3053,12213,48853,195413,781653,3126613,12506453,50025813,200103253
1529,6117,24469,97877,391509,1566037,6264149,25056597,100226389,400905557
767,3069,12277,49109,196437,785749,3142997,12571989,50287957,201151829
1537,6149,24597,98389,393557,1574229,6296917,25187669,100750677,403002709
771,3085,12341,49365,197461,789845,3159381,12637525,50550101,202200405
1545,6181,24725,98901,395605,1582421,6329685,25318741,101274965,405099861
775,3101,12405,49621,198485,793941,3175765,12703061,50812245,203248981
1553,6213,24853,99413,397653,1590613,6362453,25449813,101799253,407197013
779,3117,12469,49877,199509,798037,3192149,12768597,51074389,204297557
1561,6245,24981,99925,399701,1598805,6395221,25580885,102323541,409294165
783,3133,12533,50133,200533,802133,3208533,12834133,51336533,205346133
1569,6277,25109,100437,401749,1606997,6427989,25711957,102847829,411391317
787,3149,12597,50389,201557,806229,3224917,12899669,51598677,206394709
1577,6309,25237,100949,403797,1615189,6460757,25843029,103372117,413488469
791,3165,12661,50645,202581,810325,3241301,12965205,51860821,207443285
1585,6341,25365,101461,405845,1623381,6493525,25974101,103896405,415585621
795,3181,12725,50901,203605,814421,3257685,13030741,52122965,208491861
1593,6373,25493,101973,407893,1631573,6526293,26105173,104420693,417682773
799,3197,12789,51157,204629,818517,3274069,13096277,52385109,209540437
1601,6405,25621,102485,409941,1639765,6559061,26236245,104944981,419779925
803,3213,12853,51413,205653,822613,3290453,13161813,52647253,210589013
1609,6437,25749,102997,411989,1647957,6591829,26367317,105469269,421877077
807,3229,12917,51669,206677,826709,3306837,13227349,52909397,211637589
1617,6469,25877,103509,414037,1656149,6624597,26498389,105993557,423974229
811,3245,12981,51925,207701,830805,3323221,13292885,53171541,212686165
1625,6501,26005,104021,416085,1664341,6657365,26629461,106517845,426071381
815,3261,13045,52181,208725,834901,3339605,13358421,53433685,213734741
1633,6533,26133,104533,418133,1672533,6690133,26760533,107042133,428168533
819,3277,13109,52437,209749,838997,3355989,13423957,53695829,214783317
1641,6565,26261,105045,420181,1680725,6722901,26891605,107566421,430265685
823,3293,13173,52693,210773,843093,3372373,13489493,53957973,215831893
1649,6597,26389,105557,422229,1688917,6755669,27022677,108090709,432362837
827,3309,13237,52949,211797,847189,3388757,13555029,54220117,216880469
1657,6629,26517,106069,424277,1697109,6788437,27153749,108614997,434459989
831,3325,13301,53205,212821,851285,3405141,13620565,54482261,217929045
1665,6661,26645,106581,426325,1705301,6821205,27284821,109139285,436557141
835,3341,13365,53461,213845,855381,3421525,13686101,54744405,218977621
1673,6693,26773,107093,428373,1713493,6853973,27415893,109663573,438654293
839,3357,13429,53717,214869,859477,3437909,13751637,55006549,220026197
1681,6725,26901,107605,430421,1721685,6886741,27546965,110187861,440751445
843,3373,13493,53973,215893,863573,3454293,13817173,55268693,221074773
1689,6757,27029,108117,432469,1729877,6919509,27678037,110712149,442848597
847,3389,13557,54229,216917,867669,3470677,13882709,55530837,222123349
1697,6789,27157,108629,434517,1738069,6952277,27809109,111236437,444945749
851,3405,13621,54485,217941,871765,3487061,13948245,55792981,223171925
1705,6821,27285,109141,436565,1746261,6985045,27940181,111760725,447042901
855,3421,13685,54741,218965,875861,3503445,14013781,56055125,224220501
1713,6853,27413,109653,438613,1754453,7017813,28071253,112285013,449140053
859,3437,13749,54997,219989,879957,3519829,14079317,56317269,225269077
1721,6885,27541,110165,440661,1762645,7050581,28202325,112809301,451237205
863,3453,13813,55253,221013,884053,3536213,14144853,56579413,226317653
1729,6917,27669,110677,442709,1770837,7083349,28333397,113333589,453334357
867,3469,13877,55509,222037,888149,3552597,14210389,56841557,227366229
1737,6949,27797,111189,444757,1779029,7116117,28464469,113857877,455431509
871,3485,13941,55765,223061,892245,3568981,14275925,57103701,228414805
1745,6981,27925,111701,446805,1787221,7148885,28595541,114382165,457528661
875,3501,14005,56021,224085,896341,3585365,14341461,57365845,229463381
1753,7013,28053,112213,448853,1795413,7181653,28726613,114906453,459625813
879,3517,14069,56277,225109,900437,3601749,14406997,57627989,230511957
1761,7045,28181,112725,450901,1803605,7214421,28857685,115430741,461722965
883,3533,14133,56533,226133,904533,3618133,14472533,57890133,231560533
1769,7077,28309,113237,452949,1811797,7247189,28988757,115955029,463820117
887,3549,14197,56789,227157,908629,3634517,14538069,58152277,232609109
1777,7109,28437,113749,454997,1819989,7279957,29119829,116479317,465917269
891,3565,14261,57045,228181,912725,3650901,14603605,58414421,233657685
1785,7141,28565,114261,457045,1828181,7312725,29250901,117003605,468014421
895,3581,14325,57301,229205,916821,3667285,14669141,58676565,234706261
1793,7173,28693,114773,459093,1836373,7345493,29381973,117527893,470111573
899,3597,14389,57557,230229,920917,3683669,14734677,58938709,235754837
1801,7205,28821,115285,461141,1844565,7378261,29513045,118052181,472208725
903,3613,14453,57813,231253,925013,3700053,14800213,59200853,236803413
1809,7237,28949,115797,463189,1852757,7411029,29644117,118576469,474305877
907,3629,14517,58069,232277,929109,3716437,14865749,59462997,237851989
1817,7269,29077,116309,465237,1860949,7443797,29775189,119100757,476403029
911,3645,14581,58325,233301,933205,3732821,14931285,59725141,238900565
1825,7301,29205,116821,467285,1869141,7476565,29906261,119625045,478500181
915,3661,14645,58581,234325,937301,3749205,14996821,59987285,239949141
1833,7333,29333,117333,469333,1877333,7509333,30037333,120149333,480597333
919,3677,14709,58837,235349,941397,3765589,15062357,60249429,240997717
1841,7365,29461,117845,471381,1885525,7542101,30168405,120673621,482694485
923,3693,14773,59093,236373,945493,3781973,15127893,60511573,242046293
1849,7397,29589,118357,473429,1893717,7574869,30299477,121197909,484791637
927,3709,14837,59349,237397,949589,3798357,15193429,60773717,243094869
1857,7429,29717,118869,475477,1901909,7607637,30430549,121722197,486888789
931,3725,14901,59605,238421,953685,3814741,15258965,61035861,244143445
1865,7461,29845,119381,477525,1910101,7640405,30561621,122246485,488985941
935,3741,14965,59861,239445,957781,3831125,15324501,61298005,245192021
1873,7493,29973,119893,479573,1918293,7673173,30692693,122770773,491083093
939,3757,15029,60117,240469,961877,3847509,15390037,61560149,246240597
1881,7525,30101,120405,481621,1926485,7705941,30823765,123295061,493180245
943,3773,15093,60373,241493,965973,3863893,15455573,61822293,247289173
1889,7557,30229,120917,483669,1934677,7738709,30954837,123819349,495277397
947,3789,15157,60629,242517,970069,3880277,15521109,62084437,248337749
1897,7589,30357,121429,485717,1942869,7771477,31085909,124343637,497374549
951,3805,15221,60885,243541,974165,3896661,15586645,62346581,249386325
1905,7621,30485,121941,487765,1951061,7804245,31216981,124867925,499471701
955,3821,15285,61141,244565,978261,3913045,15652181,62608725,250434901
1913,7653,30613,122453,489813,1959253,7837013,31348053,125392213,501568853
959,3837,15349,61397,245589,982357,3929429,15717717,62870869,251483477
1921,7685,30741,122965,491861,1967445,7869781,31479125,125916501,503666005
963,3853,15413,61653,246613,986453,3945813,15783253,63133013,252532053
1929,7717,30869,123477,493909,1975637,7902549,31610197,126440789,505763157
967,3869,15477,61909,247637,990549,3962197,15848789,63395157,253580629
1937,7749,30997,123989,495957,1983829,7935317,31741269,126965077,507860309
971,3885,15541,62165,248661,994645,3978581,15914325,63657301,254629205
1945,7781,31125,124501,498005,1992021,7968085,31872341,127489365,509957461
975,3901,15605,62421,249685,998741,3994965,15979861,63919445,255677781
1953,7813,31253,125013,500053,2000213,8000853,32003413,128013653,512054613
979,3917,15669,62677,250709,1002837,4011349,16045397,64181589,256726357
1961,7845,31381,125525,502101,2008405,8033621,32134485,128537941,514151765
983,3933,15733,62933,251733,1006933,4027733,16110933,64443733,257774933
1969,7877,31509,126037,504149,2016597,8066389,32265557,129062229,516248917
987,3949,15797,63189,252757,1011029,4044117,16176469,64705877,258823509
1977,7909,31637,126549,506197,2024789,8099157,32396629,129586517,518346069
991,3965,15861,63445,253781,1015125,4060501,16242005,64968021,259872085
1985,7941,31765,127061,508245,2032981,8131925,32527701,130110805,520443221
995,3981,15925,63701,254805,1019221,4076885,16307541,65230165,260920661
1993,7973,31893,127573,510293,2041173,8164693,32658773,130635093,522540373
999,3997,15989,63957,255829,1023317,4093269,16373077,65492309,261969237
2001,8005,32021,128085,512341,2049365,8197461,32789845,131159381,524637525
1003,4013,16053,64213,256853,1027413,4109653,16438613,65754453,263017813
2009,8037,32149,128597,514389,2057557,8230229,32920917,131683669,526734677
1007,4029,16117,64469,257877,1031509,4126037,16504149,66016597,264066389
2017,8069,32277,129109,516437,2065749,8262997,33051989,132207957,528831829
1011,4045,16181,64725,258901,1035605,4142421,16569685,66278741,265114965
2025,8101,32405,129621,518485,2073941,8295765,33183061,132732245,530928981
1015,4061,16245,64981,259925,1039701,4158805,16635221,66540885,266163541
2033,8133,32533,130133,520533,2082133,8328533,33314133,133256533,533026133
1019,4077,16309,65237,260949,1043797,4175189,16700757,66803029,267212117
2041,8165,32661,130645,522581,2090325,8361301,33445205,133780821,535123285
1023,4093,16373,65493,261973,1047893,4191573,16766293,67065173,268260693
2049,8197,32789,131157,524629,2098517,8394069,33576277,134305109,537220437
1027,4109,16437,65749,262997,1051989,4207957,16831829,67327317,269309269
2057,8229,32917,131669,526677,2106709,8426837,33707349,134829397,539317589
1031,4125,16501,66005,264021,1056085,4224341,16897365,67589461,270357845
2065,8261,33045,132181,528725,2114901,8459605,33838421,135353685,541414741
1035,4141,16565,66261,265045,1060181,4240725,16962901,67851605,271406421
2073,8293,33173,132693,530773,2123093,8492373,33969493,135877973,543511893
1039,4157,16629,66517,266069,1064277,4257109,17028437,68113749,272454997
2081,8325,33301,133205,532821,2131285,8525141,34100565,136402261,545609045
1043,4173,16693,66773,267093,1068373,4273493,17093973,68375893,273503573
2089,8357,33429,133717,534869,2139477,8557909,34231637,136926549,547706197
1047,4189,16757,67029,268117,1072469,4289877,17159509,68638037,274552149
2097,8389,33557,134229,536917,2147669,8590677,34362709,137450837,549803349
1051,4205,16821,67285,269141,1076565,4306261,17225045,68900181,275600725
2105,8421,33685,134741,538965,2155861,8623445,34493781,137975125,551900501
1055,4221,16885,67541,270165,1080661,4322645,17290581,69162325,276649301
2113,8453,33813,135253,541013,2164053,8656213,34624853,138499413,553997653
1059,4237,16949,67797,271189,1084757,4339029,17356117,69424469,277697877
2121,8485,33941,135765,543061,2172245,8688981,34755925,139023701,556094805
1063,4253,17013,68053,272213,1088853,4355413,17421653,69686613,278746453
2129,8517,34069,136277,545109,2180437,8721749,34886997,139547989,558191957
1067,4269,17077,68309,273237,1092949,4371797,17487189,69948757,279795029
2137,8549,34197,136789,547157,2188629,8754517,35018069,140072277,560289109
1071,4285,17141,68565,274261,1097045,4388181,17552725,70210901,280843605
2145,8581,34325,137301,549205,2196821,8787285,35149141,140596565,562386261
1075,4301,17205,68821,275285,1101141,4404565,17618261,70473045,281892181
2153,8613,34453,137813,551253,2205013,8820053,35280213,141120853,564483413
1079,4317,17269,69077,276309,1105237,4420949,17683797,70735189,282940757
2161,8645,34581,138325,553301,2213205,8852821,35411285,141645141,566580565
1083,4333,17333,69333,277333,1109333,4437333,17749333,70997333,283989333
2169,8677,34709,138837,555349,2221397,8885589,35542357,142169429,568677717
1087,4349,17397,69589,278357,1113429,4453717,17814869,71259477,285037909
2177,8709,34837,139349,557397,2229589,8918357,35673429,142693717,570774869
1091,4365,17461,69845,279381,1117525,4470101,17880405,71521621,286086485
2185,8741,34965,139861,559445,2237781,8951125,35804501,143218005,572872021
1095,4381,17525,70101,280405,1121621,4486485,17945941,71783765,287135061
2193,8773,35093,140373,561493,2245973,8983893,35935573,143742293,574969173
1099,4397,17589,70357,281429,1125717,4502869,18011477,72045909,288183637
2201,8805,35221,140885,563541,2254165,9016661,36066645,144266581,577066325
1103,4413,17653,70613,282453,1129813,4519253,18077013,72308053,289232213
2209,8837,35349,141397,565589,2262357,9049429,36197717,144790869,579163477
1107,4429,17717,70869,283477,1133909,4535637,18142549,72570197,290280789
2217,8869,35477,141909,567637,2270549,9082197,36328789,145315157,581260629
1111,4445,17781,71125,284501,1138005,4552021,18208085,72832341,291329365
2225,8901,35605,142421,569685,2278741,9114965,36459861,145839445,583357781
1115,4461,17845,71381,285525,1142101,4568405,18273621,73094485,292377941
2233,8933,35733,142933,571733,2286933,9147733,36590933,146363733,585454933
1119,4477,17909,71637,286549,1146197,4584789,18339157,73356629,293426517
2241,8965,35861,143445,573781,2295125,9180501,36722005,146888021,587552085
1123,4493,17973,71893,287573,1150293,4601173,18404693,73618773,294475093
2249,8997,35989,143957,575829,2303317,9213269,36853077,147412309,589649237
1127,4509,18037,72149,288597,1154389,4617557,18470229,73880917,295523669
2257,9029,36117,144469,577877,2311509,9246037,36984149,147936597,591746389
1131,4525,18101,72405,289621,1158485,4633941,18535765,74143061,296572245
2265,9061,36245,144981,579925,2319701,9278805,37115221,148460885,593843541
1135,4541,18165,72661,290645,1162581,4650325,18601301,74405205,297620821
2273,9093,36373,145493,581973,2327893,9311573,37246293,148985173,595940693
1139,4557,18229,72917,291669,1166677,4666709,18666837,74667349,298669397
2281,9125,36501,146005,584021,2336085,9344341,37377365,149509461,598037845
1143,4573,18293,73173,292693,1170773,4683093,18732373,74929493,299717973
2289,9157,36629,146517,586069,2344277,9377109,37508437,150033749,600134997
1147,4589,18357,73429,293717,1174869,4699477,18797909,75191637,300766549
2297,9189,36757,147029,588117,2352469,9409877,37639509,150558037,602232149
1151,4605,18421,73685,294741,1178965,4715861,18863445,75453781,301815125
2305,9221,36885,147541,590165,2360661,9442645,37770581,151082325,604329301
1155,4621,18485,73941,295765,1183061,4732245,18928981,75715925,302863701
2313,9253,37013,148053,592213,2368853,9475413,37901653,151606613,606426453
1159,4637,18549,74197,296789,1187157,4748629,18994517,75978069,303912277
2321,9285,37141,148565,594261,2377045,9508181,38032725,152130901,608523605
1163,4653,18613,74453,297813,1191253,4765013,19060053,76240213,304960853
2329,9317,37269,149077,596309,2385237,9540949,38163797,152655189,610620757
1167,4669,18677,74709,298837,1195349,4781397,19125589,76502357,306009429
2337,9349,37397,149589,598357,2393429,9573717,38294869,153179477,612717909
1171,4685,18741,74965,299861,1199445,4797781,19191125,76764501,307058005
2345,9381,37525,150101,600405,2401621,9606485,38425941,153703765,614815061
1175,4701,18805,75221,300885,1203541,4814165,19256661,77026645,308106581
2353,9413,37653,150613,602453,2409813,9639253,38557013,154228053,616912213
1179,4717,18869,75477,301909,1207637,4830549,19322197,77288789,309155157
2361,9445,37781,151125,604501,2418005,9672021,38688085,154752341,619009365
1183,4733,18933,75733,302933,1211733,4846933,19387733,77550933,310203733
2369,9477,37909,151637,606549,2426197,9704789,38819157,155276629,621106517
1187,4749,18997,75989,303957,1215829,4863317,19453269,77813077,311252309
2377,9509,38037,152149,608597,2434389,9737557,38950229,155800917,623203669
1191,4765,19061,76245,304981,1219925,4879701,19518805,78075221,312300885
2385,9541,38165,152661,610645,2442581,9770325,39081301,156325205,625300821
1195,4781,19125,76501,306005,1224021,4896085,19584341,78337365,313349461
2393,9573,38293,153173,612693,2450773,9803093,39212373,156849493,627397973
1199,4797,19189,76757,307029,1228117,4912469,19649877,78599509,314398037
2401,9605,38421,153685,614741,2458965,9835861,39343445,157373781,629495125
1203,4813,19253,77013,308053,1232213,4928853,19715413,78861653,315446613
2409,9637,38549,154197,616789,2467157,9868629,39474517,157898069,631592277
1207,4829,19317,77269,309077,1236309,4945237,19780949,79123797,316495189
2417,9669,38677,154709,618837,2475349,9901397,39605589,158422357,633689429
1211,4845,19381,77525,310101,1240405,4961621,19846485,79385941,317543765
2425,9701,38805,155221,620885,2483541,9934165,39736661,158946645,635786581
1215,4861,19445,77781,311125,1244501,4978005,19912021,79648085,318592341
2433,9733,38933,155733,622933,2491733,9966933,39867733,159470933,637883733
1219,4877,19509,78037,312149,1248597,4994389,19977557,79910229,319640917
2441,9765,39061,156245,624981,2499925,9999701,39998805,159995221,639980885
1223,4893,19573,78293,313173,1252693,5010773,20043093,80172373,320689493
2449,9797,39189,156757,627029,2508117,10032469,40129877,160519509,642078037
1227,4909,19637,78549,314197,1256789,5027157,20108629,80434517,321738069
2457,9829,39317,157269,629077,2516309,10065237,40260949,161043797,644175189
1231,4925,19701,78805,315221,1260885,5043541,20174165,80696661,322786645
2465,9861,39445,157781,631125,2524501,10098005,40392021,161568085,646272341
1235,4941,19765,79061,316245,1264981,5059925,20239701,80958805,323835221
2473,9893,39573,158293,633173,2532693,10130773,40523093,162092373,648369493
1239,4957,19829,79317,317269,1269077,5076309,20305237,81220949,324883797
2481,9925,39701,158805,635221,2540885,10163541,40654165,162616661,650466645
1243,4973,19893,79573,318293,1273173,5092693,20370773,81483093,325932373
2489,9957,39829,159317,637269,2549077,10196309,40785237,163140949,652563797
1247,4989,19957,79829,319317,1277269,5109077,20436309,81745237,326980949
2497,9989,39957,159829,639317,2557269,10229077,40916309,163665237,654660949
1251,5005,20021,80085,320341,1281365,5125461,20501845,82007381,328029525
2505,10021,40085,160341,641365,2565461,10261845,41047381,164189525,656758101
1255,5021,20085,80341,321365,1285461,5141845,20567381,82269525,329078101
2513,10053,40213,160853,643413,2573653,10294613,41178453,164713813,658855253
1259,5037,20149,80597,322389,1289557,5158229,20632917,82531669,330126677
2521,10085,40341,161365,645461,2581845,10327381,41309525,165238101,660952405
1263,5053,20213,80853,323413,1293653,5174613,20698453,82793813,331175253
2529,10117,40469,161877,647509,2590037,10360149,41440597,165762389,663049557
1267,5069,20277,81109,324437,1297749,5190997,20763989,83055957,332223829
2537,10149,40597,162389,649557,2598229,10392917,41571669,166286677,665146709
1271,5085,20341,81365,325461,1301845,5207381,20829525,83318101,333272405
2545,10181,40725,162901,651605,2606421,10425685,41702741,166810965,667243861
1275,5101,20405,81621,326485,1305941,5223765,20895061,83580245,334320981
2553,10213,40853,163413,653653,2614613,10458453,41833813,167335253,669341013
1279,5117,20469,81877,327509,1310037,5240149,20960597,83842389,335369557
2561,10245,40981,163925,655701,2622805,10491221,41964885,167859541,671438165
1283,5133,20533,82133,328533,1314133,5256533,21026133,84104533,336418133
2569,10277,41109,164437,657749,2630997,10523989,42095957,168383829,673535317
1287,5149,20597,82389,329557,1318229,5272917,21091669,84366677,337466709
2577,10309,41237,164949,659797,2639189,10556757,42227029,168908117,675632469
1291,5165,20661,82645,330581,1322325,5289301,21157205,84628821,338515285
2585,10341,41365,165461,661845,2647381,10589525,42358101,169432405,677729621
1295,5181,20725,82901,331605,1326421,5305685,21222741,84890965,339563861
2593,10373,41493,165973,663893,2655573,10622293,42489173,169956693,679826773
1299,5197,20789,83157,332629,1330517,5322069,21288277,85153109,340612437
2601,10405,41621,166485,665941,2663765,10655061,42620245,170480981,681923925
1303,5213,20853,83413,333653,1334613,5338453,21353813,85415253,341661013
2609,10437,41749,166997,667989,2671957,10687829,42751317,171005269,684021077
1307,5229,20917,83669,334677,1338709,5354837,21419349,85677397,342709589
2617,10469,41877,167509,670037,2680149,10720597,42882389,171529557,686118229
1311,5245,20981,83925,335701,1342805,5371221,21484885,85939541,343758165
2625,10501,42005,168021,672085,2688341,10753365,43013461,172053845,688215381
1315,5261,21045,84181,336725,1346901,5387605,21550421,86201685,344806741
2633,10533,42133,168533,674133,2696533,10786133,43144533,172578133,690312533
1319,5277,21109,84437,337749,1350997,5403989,21615957,86463829,345855317
2641,10565,42261,169045,676181,2704725,10818901,43275605,173102421,692409685
1323,5293,21173,84693,338773,1355093,5420373,21681493,86725973,346903893
2649,10597,42389,169557,678229,2712917,10851669,43406677,173626709,694506837
1327,5309,21237,84949,339797,1359189,5436757,21747029,86988117,347952469
2657,10629,42517,170069,680277,2721109,10884437,43537749,174150997,696603989
1331,5325,21301,85205,340821,1363285,5453141,21812565,87250261,349001045
2665,10661,42645,170581,682325,2729301,10917205,43668821,174675285,698701141
1335,5341,21365,85461,341845,1367381,5469525,21878101,87512405,350049621
2673,10693,42773,171093,684373,2737493,10949973,43799893,175199573,700798293
1339,5357,21429,85717,342869,1371477,5485909,21943637,87774549,351098197
2681,10725,42901,171605,686421,2745685,10982741,43930965,175723861,702895445
1343,5373,21493,85973,343893,1375573,5502293,22009173,88036693,352146773
2689,10757,43029,172117,688469,2753877,11015509,44062037,176248149,704992597
1347,5389,21557,86229,344917,1379669,5518677,22074709,88298837,353195349
2697,10789,43157,172629,690517,2762069,11048277,44193109,176772437,707089749
1351,5405,21621,86485,345941,1383765,5535061,22140245,88560981,354243925
2705,10821,43285,173141,692565,2770261,11081045,44324181,177296725,709186901
1355,5421,21685,86741,346965,1387861,5551445,22205781,88823125,355292501
2713,10853,43413,173653,694613,2778453,11113813,44455253,177821013,711284053
1359,5437,21749,86997,347989,1391957,5567829,22271317,89085269,356341077
2721,10885,43541,174165,696661,2786645,11146581,44586325,178345301,713381205
1363,5453,21813,87253,349013,1396053,5584213,22336853,89347413,357389653
2729,10917,43669,174677,698709,2794837,11179349,44717397,178869589,715478357
1367,5469,21877,87509,350037,1400149,5600597,22402389,89609557,358438229
2737,10949,43797,175189,700757,2803029,11212117,44848469,179393877,717575509
1371,5485,21941,87765,351061,1404245,5616981,22467925,89871701,359486805
2745,10981,43925,175701,702805,2811221,11244885,44979541,179918165,719672661
1375,5501,22005,88021,352085,1408341,5633365,22533461,90133845,360535381
2753,11013,44053,176213,704853,2819413,11277653,45110613,180442453,721769813
1379,5517,22069,88277,353109,1412437,5649749,22598997,90395989,361583957
2761,11045,44181,176725,706901,2827605,11310421,45241685,180966741,723866965
1383,5533,22133,88533,354133,1416533,5666133,22664533,90658133,362632533
2769,11077,44309,177237,708949,2835797,11343189,45372757,181491029,725964117
1387,5549,22197,88789,355157,1420629,5682517,22730069,90920277,363681109
2777,11109,44437,177749,710997,2843989,11375957,45503829,182015317,728061269
1391,5565,22261,89045,356181,1424725,5698901,22795605,91182421,364729685
2785,11141,44565,178261,713045,2852181,11408725,45634901,182539605,730158421
1395,5581,22325,89301,357205,1428821,5715285,22861141,91444565,365778261
2793,11173,44693,178773,715093,2860373,11441493,45765973,183063893,732255573
1399,5597,22389,89557,358229,1432917,5731669,22926677,91706709,366826837
2801,11205,44821,179285,717141,2868565,11474261,45897045,183588181,734352725
1403,5613,22453,89813,359253,1437013,5748053,22992213,91968853,367875413
2809,11237,44949,179797,719189,2876757,11507029,46028117,184112469,736449877
1407,5629,22517,90069,360277,1441109,5764437,23057749,92230997,368923989
2817,11269,45077,180309,721237,2884949,11539797,46159189,184636757,738547029
1411,5645,22581,90325,361301,1445205,5780821,23123285,92493141,369972565
2825,11301,45205,180821,723285,2893141,11572565,46290261,185161045,740644181
1415,5661,22645,90581,362325,1449301,5797205,23188821,92755285,371021141
2833,11333,45333,181333,725333,2901333,11605333,46421333,185685333,742741333
1419,5677,22709,90837,363349,1453397,5813589,23254357,93017429,372069717
2841,11365,45461,181845,727381,2909525,11638101,46552405,186209621,744838485
1423,5693,22773,91093,364373,1457493,5829973,23319893,93279573,373118293
2849,11397,45589,182357,729429,2917717,11670869,46683477,186733909,746935637
1427,5709,22837,91349,365397,1461589,5846357,23385429,93541717,374166869
2857,11429,45717,182869,731477,2925909,11703637,46814549,187258197,749032789
1431,5725,22901,91605,366421,1465685,5862741,23450965,93803861,375215445
2865,11461,45845,183381,733525,2934101,11736405,46945621,187782485,751129941
1435,5741,22965,91861,367445,1469781,5879125,23516501,94066005,376264021
2873,11493,45973,183893,735573,2942293,11769173,47076693,188306773,753227093
1439,5757,23029,92117,368469,1473877,5895509,23582037,94328149,377312597
2881,11525,46101,184405,737621,2950485,11801941,47207765,188831061,755324245
1443,5773,23093,92373,369493,1477973,5911893,23647573,94590293,378361173
2889,11557,46229,184917,739669,2958677,11834709,47338837,189355349,757421397
1447,5789,23157,92629,370517,1482069,5928277,23713109,94852437,379409749
2897,11589,46357,185429,741717,2966869,11867477,47469909,189879637,759518549
1451,5805,23221,92885,371541,1486165,5944661,23778645,95114581,380458325
2905,11621,46485,185941,743765,2975061,11900245,47600981,190403925,761615701
1455,5821,23285,93141,372565,1490261,5961045,23844181,95376725,381506901
2913,11653,46613,186453,745813,2983253,11933013,47732053,190928213,763712853
1459,5837,23349,93397,373589,1494357,5977429,23909717,95638869,382555477
2921,11685,46741,186965,747861,2991445,11965781,47863125,191452501,765810005
1463,5853,23413,93653,374613,1498453,5993813,23975253,95901013,383604053
2929,11717,46869,187477,749909,2999637,11998549,47994197,191976789,767907157
1467,5869,23477,93909,375637,1502549,6010197,24040789,96163157,384652629
2937,11749,46997,187989,751957,3007829,12031317,48125269,192501077,770004309
1471,5885,23541,94165,376661,1506645,6026581,24106325,96425301,385701205
2945,11781,47125,188501,754005,3016021,12064085,48256341,193025365,772101461
1475,5901,23605,94421,377685,1510741,6042965,24171861,96687445,386749781
2953,11813,47253,189013,756053,3024213,12096853,48387413,193549653,774198613
1479,5917,23669,94677,378709,1514837,6059349,24237397,96949589,387798357
2961,11845,47381,189525,758101,3032405,12129621,48518485,194073941,776295765
1483,5933,23733,94933,379733,1518933,6075733,24302933,97211733,388846933
2969,11877,47509,190037,760149,3040597,12162389,48649557,194598229,778392917
1487,5949,23797,95189,380757,1523029,6092117,24368469,97473877,389895509
2977,11909,47637,190549,762197,3048789,12195157,48780629,195122517,780490069
1491,5965,23861,95445,381781,1527125,6108501,24434005,97736021,390944085
2985,11941,47765,191061,764245,3056981,12227925,48911701,195646805,782587221
1495,5981,23925,95701,382805,1531221,6124885,24499541,97998165,391992661
2993,11973,47893,191573,766293,3065173,12260693,49042773,196171093,784684373
1499,5997,23989,95957,383829,1535317,6141269,24565077,98260309,393041237
3001,12005,48021,192085,768341,3073365,12293461,49173845,196695381,786781525
1503,6013,24053,96213,384853,1539413,6157653,24630613,98522453,394089813
3009,12037,48149,192597,770389,3081557,12326229,49304917,197219669,788878677
1507,6029,24117,96469,385877,1543509,6174037,24696149,98784597,395138389
3017,12069,48277,193109,772437,3089749,12358997,49435989,197743957,790975829
1511,6045,24181,96725,386901,1547605,6190421,24761685,99046741,396186965
3025,12101,48405,193621,774485,3097941,12391765,49567061,198268245,793072981
1515,6061,24245,96981,387925,1551701,6206805,24827221,99308885,397235541
3033,12133,48533,194133,776533,3106133,12424533,49698133,198792533,795170133
1519,6077,24309,97237,388949,1555797,6223189,24892757,99571029,398284117
3041,12165,48661,194645,778581,3114325,12457301,49829205,199316821,797267285
1523,6093,24373,97493,389973,1559893,6239573,24958293,99833173,399332693
3049,12197,48789,195157,780629,3122517,12490069,49960277,199841109,799364437
1527,6109,24437,97749,390997,1563989,6255957,25023829,100095317,400381269
3057,12229,48917,195669,782677,3130709,12522837,50091349,200365397,801461589
1531,6125,24501,98005,392021,1568085,6272341,25089365,100357461,401429845
3065,12261,49045,196181,784725,3138901,12555605,50222421,200889685,803558741
1535,6141,24565,98261,393045,1572181,6288725,25154901,100619605,402478421
3073,12293,49173,196693,786773,3147093,12588373,50353493,201413973,805655893
1539,6157,24629,98517,394069,1576277,6305109,25220437,100881749,403526997
3081,12325,49301,197205,788821,3155285,12621141,50484565,201938261,807753045
1543,6173,24693,98773,395093,1580373,6321493,25285973,101143893,404575573
3089,12357,49429,197717,790869,3163477,12653909,50615637,202462549,809850197
1547,6189,24757,99029,396117,1584469,6337877,25351509,101406037,405624149
3097,12389,49557,198229,792917,3171669,12686677,50746709,202986837,811947349
1551,6205,24821,99285,397141,1588565,6354261,25417045,101668181,406672725
3105,12421,49685,198741,794965,3179861,12719445,50877781,203511125,814044501
1555,6221,24885,99541,398165,1592661,6370645,25482581,101930325,407721301
3113,12453,49813,199253,797013,3188053,12752213,51008853,204035413,816141653
1559,6237,24949,99797,399189,1596757,6387029,25548117,102192469,408769877
3121,12485,49941,199765,799061,3196245,12784981,51139925,204559701,818238805
1563,6253,25013,100053,400213,1600853,6403413,25613653,102454613,409818453
3129,12517,50069,200277,801109,3204437,12817749,51270997,205083989,820335957
1567,6269,25077,100309,401237,1604949,6419797,25679189,102716757,410867029
3137,12549,50197,200789,803157,3212629,12850517,51402069,205608277,822433109
1571,6285,25141,100565,402261,1609045,6436181,25744725,102978901,411915605
3145,12581,50325,201301,805205,3220821,12883285,51533141,206132565,824530261
1575,6301,25205,100821,403285,1613141,6452565,25810261,103241045,412964181
3153,12613,50453,201813,807253,3229013,12916053,51664213,206656853,826627413
1579,6317,25269,101077,404309,1617237,6468949,25875797,103503189,414012757
3161,12645,50581,202325,809301,3237205,12948821,51795285,207181141,828724565
1583,6333,25333,101333,405333,1621333,6485333,25941333,103765333,415061333
3169,12677,50709,202837,811349,3245397,12981589,51926357,207705429,830821717
1587,6349,25397,101589,406357,1625429,6501717,26006869,104027477,416109909
3177,12709,50837,203349,813397,3253589,13014357,52057429,208229717,832918869
1591,6365,25461,101845,407381,1629525,6518101,26072405,104289621,417158485
3185,12741,50965,203861,815445,3261781,13047125,52188501,208754005,835016021
1595,6381,25525,102101,408405,1633621,6534485,26137941,104551765,418207061
3193,12773,51093,204373,817493,3269973,13079893,52319573,209278293,837113173
1599,6397,25589,102357,409429,1637717,6550869,26203477,104813909,419255637
3201,12805,51221,204885,819541,3278165,13112661,52450645,209802581,839210325
1603,6413,25653,102613,410453,1641813,6567253,26269013,105076053,420304213
3209,12837,51349,205397,821589,3286357,13145429,52581717,210326869,841307477
1607,6429,25717,102869,411477,1645909,6583637,26334549,105338197,421352789
3217,12869,51477,205909,823637,3294549,13178197,52712789,210851157,843404629
1611,6445,25781,103125,412501,1650005,6600021,26400085,105600341,422401365
3225,12901,51605,206421,825685,3302741,13210965,52843861,211375445,845501781
1615,6461,25845,103381,413525,1654101,6616405,26465621,105862485,423449941
3233,12933,51733,206933,827733,3310933,13243733,52974933,211899733,847598933
1619,6477,25909,103637,414549,1658197,6632789,26531157,106124629,424498517
3241,12965,51861,207445,829781,3319125,13276501,53106005,212424021,849696085
1623,6493,25973,103893,415573,1662293,6649173,26596693,106386773,425547093
3249,12997,51989,207957,831829,3327317,13309269,53237077,212948309,851793237
1627,6509,26037,104149,416597,1666389,6665557,26662229,106648917,426595669
3257,13029,52117,208469,833877,3335509,13342037,53368149,213472597,853890389
1631,6525,26101,104405,417621,1670485,6681941,26727765,106911061,427644245
3265,13061,52245,208981,835925,3343701,13374805,53499221,213996885,855987541
1635,6541,26165,104661,418645,1674581,6698325,26793301,107173205,428692821
3273,13093,52373,209493,837973,3351893,13407573,53630293,214521173,858084693
1639,6557,26229,104917,419669,1678677,6714709,26858837,107435349,429741397
3281,13125,52501,210005,840021,3360085,13440341,53761365,215045461,860181845
1643,6573,26293,105173,420693,1682773,6731093,26924373,107697493,430789973
3289,13157,52629,210517,842069,3368277,13473109,53892437,215569749,862278997
1647,6589,26357,105429,421717,1686869,6747477,26989909,107959637,431838549
3297,13189,52757,211029,844117,3376469,13505877,54023509,216094037,864376149
1651,6605,26421,105685,422741,1690965,6763861,27055445,108221781,432887125
3305,13221,52885,211541,846165,3384661,13538645,54154581,216618325,866473301
1655,6621,26485,105941,423765,1695061,6780245,27120981,108483925,433935701
3313,13253,53013,212053,848213,3392853,13571413,54285653,217142613,868570453
1659,6637,26549,106197,424789,1699157,6796629,27186517,108746069,434984277
3321,13285,53141,212565,850261,3401045,13604181,54416725,217666901,870667605
1663,6653,26613,106453,425813,1703253,6813013,27252053,109008213,436032853
3329,13317,53269,213077,852309,3409237,13636949,54547797,218191189,872764757
1667,6669,26677,106709,426837,1707349,6829397,27317589,109270357,437081429
3337,13349,53397,213589,854357,3417429,13669717,54678869,218715477,874861909
1671,6685,26741,106965,427861,1711445,6845781,27383125,109532501,438130005
3345,13381,53525,214101,856405,3425621,13702485,54809941,219239765,876959061
1675,6701,26805,107221,428885,1715541,6862165,27448661,109794645,439178581
3353,13413,53653,214613,858453,3433813,13735253,54941013,219764053,879056213
1679,6717,26869,107477,429909,1719637,6878549,27514197,110056789,440227157
3361,13445,53781,215125,860501,3442005,13768021,55072085,220288341,881153365
1683,6733,26933,107733,430933,1723733,6894933,27579733,110318933,441275733
3369,13477,53909,215637,862549,3450197,13800789,55203157,220812629,883250517
1687,6749,26997,107989,431957,1727829,6911317,27645269,110581077,442324309
3377,13509,54037,216149,864597,3458389,13833557,55334229,221336917,885347669
1691,6765,27061,108245,432981,1731925,6927701,27710805,110843221,443372885
3385,13541,54165,216661,866645,3466581,13866325,55465301,221861205,887444821
1695,6781,27125,108501,434005,1736021,6944085,27776341,111105365,444421461
3393,13573,54293,217173,868693,3474773,13899093,55596373,222385493,889541973
1699,6797,27189,108757,435029,1740117,6960469,27841877,111367509,445470037
3401,13605,54421,217685,870741,3482965,13931861,55727445,222909781,891639125
1703,6813,27253,109013,436053,1744213,6976853,27907413,111629653,446518613
3409,13637,54549,218197,872789,3491157,13964629,55858517,223434069,893736277
1707,6829,27317,109269,437077,1748309,6993237,27972949,111891797,447567189
3417,13669,54677,218709,874837,3499349,13997397,55989589,223958357,895833429
1711,6845,27381,109525,438101,1752405,7009621,28038485,112153941,448615765
3425,13701,54805,219221,876885,3507541,14030165,56120661,224482645,897930581
1715,6861,27445,109781,439125,1756501,7026005,28104021,112416085,449664341
3433,13733,54933,219733,878933,3515733,14062933,56251733,225006933,900027733
1719,6877,27509,110037,440149,1760597,7042389,28169557,112678229,450712917
3441,13765,55061,220245,880981,3523925,14095701,56382805,225531221,902124885
1723,6893,27573,110293,441173,1764693,7058773,28235093,112940373,451761493
3449,13797,55189,220757,883029,3532117,14128469,56513877,226055509,904222037
1727,6909,27637,110549,442197,1768789,7075157,28300629,113202517,452810069
3457,13829,55317,221269,885077,3540309,14161237,56644949,226579797,906319189
1731,6925,27701,110805,443221,1772885,7091541,28366165,113464661,453858645
3465,13861,55445,221781,887125,3548501,14194005,56776021,227104085,908416341
1735,6941,27765,111061,444245,1776981,7107925,28431701,113726805,454907221
3473,13893,55573,222293,889173,3556693,14226773,56907093,227628373,910513493
1739,6957,27829,111317,445269,1781077,7124309,28497237,113988949,455955797
3481,13925,55701,222805,891221,3564885,14259541,57038165,228152661,912610645
1743,6973,27893,111573,446293,1785173,7140693,28562773,114251093,457004373
3489,13957,55829,223317,893269,3573077,14292309,57169237,228676949,914707797
1747,6989,27957,111829,447317,1789269,7157077,28628309,114513237,458052949
3497,13989,55957,223829,895317,3581269,14325077,57300309,229201237,916804949
1751,7005,28021,112085,448341,1793365,7173461,28693845,114775381,459101525
3505,14021,56085,224341,897365,3589461,14357845,57431381,229725525,918902101
1755,7021,28085,112341,449365,1797461,7189845,28759381,115037525,460150101
3513,14053,56213,224853,899413,3597653,14390613,57562453,230249813,920999253
1759,7037,28149,112597,450389,1801557,7206229,28824917,115299669,461198677
3521,14085,56341,225365,901461,3605845,14423381,57693525,230774101,923096405
1763,7053,28213,112853,451413,1805653,7222613,28890453,115561813,462247253
3529,14117,56469,225877,903509,3614037,14456149,57824597,231298389,925193557
1767,7069,28277,113109,452437,1809749,7238997,28955989,115823957,463295829
3537,14149,56597,226389,905557,3622229,14488917,57955669,231822677,927290709
1771,7085,28341,113365,453461,1813845,7255381,29021525,116086101,464344405
3545,14181,56725,226901,907605,3630421,14521685,58086741,232346965,929387861
1775,7101,28405,113621,454485,1817941,7271765,29087061,116348245,465392981
3553,14213,56853,227413,909653,3638613,14554453,58217813,232871253,931485013
1779,7117,28469,113877,455509,1822037,7288149,29152597,116610389,466441557
3561,14245,56981,227925,911701,3646805,14587221,58348885,233395541,933582165
1783,7133,28533,114133,456533,1826133,7304533,29218133,116872533,467490133
3569,14277,57109,228437,913749,3654997,14619989,58479957,233919829,935679317
1787,7149,28597,114389,457557,1830229,7320917,29283669,117134677,468538709
3577,14309,57237,228949,915797,3663189,14652757,58611029,234444117,937776469
1791,7165,28661,114645,458581,1834325,7337301,29349205,117396821,469587285
3585,14341,57365,229461,917845,3671381,14685525,58742101,234968405,939873621
1795,7181,28725,114901,459605,1838421,7353685,29414741,117658965,470635861
3593,14373,57493,229973,919893,3679573,14718293,58873173,235492693,941970773
1799,7197,28789,115157,460629,1842517,7370069,29480277,117921109,471684437
3601,14405,57621,230485,921941,3687765,14751061,59004245,236016981,944067925
1803,7213,28853,115413,461653,1846613,7386453,29545813,118183253,472733013
3609,14437,57749,230997,923989,3695957,14783829,59135317,236541269,946165077
1807,7229,28917,115669,462677,1850709,7402837,29611349,118445397,473781589
3617,14469,57877,231509,926037,3704149,14816597,59266389,237065557,948262229
1811,7245,28981,115925,463701,1854805,7419221,29676885,118707541,474830165
3625,14501,58005,232021,928085,3712341,14849365,59397461,237589845,950359381
1815,7261,29045,116181,464725,1858901,7435605,29742421,118969685,475878741
3633,14533,58133,232533,930133,3720533,14882133,59528533,238114133,952456533
1819,7277,29109,116437,465749,1862997,7451989,29807957,119231829,476927317
3641,14565,58261,233045,932181,3728725,14914901,59659605,238638421,954553685
1823,7293,29173,116693,466773,1867093,7468373,29873493,119493973,477975893
3649,14597,58389,233557,934229,3736917,14947669,59790677,239162709,956650837
1827,7309,29237,116949,467797,1871189,7484757,29939029,119756117,479024469
3657,14629,58517,234069,936277,3745109,14980437,59921749,239686997,958747989
1831,7325,29301,117205,468821,1875285,7501141,30004565,120018261,480073045
3665,14661,58645,234581,938325,3753301,15013205,60052821,240211285,960845141
1835,7341,29365,117461,469845,1879381,7517525,30070101,120280405,481121621
3673,14693,58773,235093,940373,3761493,15045973,60183893,240735573,962942293
1839,7357,29429,117717,470869,1883477,7533909,30135637,120542549,482170197
3681,14725,58901,235605,942421,3769685,15078741,60314965,241259861,965039445
1843,7373,29493,117973,471893,1887573,7550293,30201173,120804693,483218773
3689,14757,59029,236117,944469,3777877,15111509,60446037,241784149,967136597
1847,7389,29557,118229,472917,1891669,7566677,30266709,121066837,484267349
3697,14789,59157,236629,946517,3786069,15144277,60577109,242308437,969233749
1851,7405,29621,118485,473941,1895765,7583061,30332245,121328981,485315925
3705,14821,59285,237141,948565,3794261,15177045,60708181,242832725,971330901
1855,7421,29685,118741,474965,1899861,7599445,30397781,121591125,486364501
3713,14853,59413,237653,950613,3802453,15209813,60839253,243357013,973428053
1859,7437,29749,118997,475989,1903957,7615829,30463317,121853269,487413077
3721,14885,59541,238165,952661,3810645,15242581,60970325,243881301,975525205
1863,7453,29813,119253,477013,1908053,7632213,30528853,122115413,488461653
3729,14917,59669,238677,954709,3818837,15275349,61101397,244405589,977622357
1867,7469,29877,119509,478037,1912149,7648597,30594389,122377557,489510229
3737,14949,59797,239189,956757,3827029,15308117,61232469,244929877,979719509
1871,7485,29941,119765,479061,1916245,7664981,30659925,122639701,490558805
3745,14981,59925,239701,958805,3835221,15340885,61363541,245454165,981816661
1875,7501,30005,120021,480085,1920341,7681365,30725461,122901845,491607381
3753,15013,60053,240213,960853,3843413,15373653,61494613,245978453,983913813
1879,7517,30069,120277,481109,1924437,7697749,30790997,123163989,492655957
3761,15045,60181,240725,962901,3851605,15406421,61625685,246502741,986010965
1883,7533,30133,120533,482133,1928533,7714133,30856533,123426133,493704533
3769,15077,60309,241237,964949,3859797,15439189,61756757,247027029,988108117
1887,7549,30197,120789,483157,1932629,7730517,30922069,123688277,494753109
3777,15109,60437,241749,966997,3867989,15471957,61887829,247551317,990205269
1891,7565,30261,121045,484181,1936725,7746901,30987605,123950421,495801685
3785,15141,60565,242261,969045,3876181,15504725,62018901,248075605,992302421
1895,7581,30325,121301,485205,1940821,7763285,31053141,124212565,496850261
3793,15173,60693,242773,971093,3884373,15537493,62149973,248599893,994399573
1899,7597,30389,121557,486229,1944917,7779669,31118677,124474709,497898837
3801,15205,60821,243285,973141,3892565,15570261,62281045,249124181,996496725
1903,7613,30453,121813,487253,1949013,7796053,31184213,124736853,498947413
3809,15237,60949,243797,975189,3900757,15603029,62412117,249648469,998593877
1907,7629,30517,122069,488277,1953109,7812437,31249749,124998997,499995989
3817,15269,61077,244309,977237,3908949,15635797,62543189,250172757,1000691029
1911,7645,30581,122325,489301,1957205,7828821,31315285,125261141,501044565
3825,15301,61205,244821,979285,3917141,15668565,62674261,250697045,1002788181
1915,7661,30645,122581,490325,1961301,7845205,31380821,125523285,502093141
3833,15333,61333,245333,981333,3925333,15701333,62805333,251221333,1004885333
1919,7677,30709,122837,491349,1965397,7861589,31446357,125785429,503141717
3841,15365,61461,245845,983381,3933525,15734101,62936405,251745621,1006982485
1923,7693,30773,123093,492373,1969493,7877973,31511893,126047573,504190293
3849,15397,61589,246357,985429,3941717,15766869,63067477,252269909,1009079637
1927,7709,30837,123349,493397,1973589,7894357,31577429,126309717,505238869
3857,15429,61717,246869,987477,3949909,15799637,63198549,252794197,1011176789
1931,7725,30901,123605,494421,1977685,7910741,31642965,126571861,506287445
3865,15461,61845,247381,989525,3958101,15832405,63329621,253318485,1013273941
1935,7741,30965,123861,495445,1981781,7927125,31708501,126834005,507336021
3873,15493,61973,247893,991573,3966293,15865173,63460693,253842773,1015371093
1939,7757,31029,124117,496469,1985877,7943509,31774037,127096149,508384597
3881,15525,62101,248405,993621,3974485,15897941,63591765,254367061,1017468245
1943,7773,31093,124373,497493,1989973,7959893,31839573,127358293,509433173
3889,15557,62229,248917,995669,3982677,15930709,63722837,254891349,1019565397
1947,7789,31157,124629,498517,1994069,7976277,31905109,127620437,510481749
3897,15589,62357,249429,997717,3990869,15963477,63853909,255415637,1021662549
1951,7805,31221,124885,499541,1998165,7992661,31970645,127882581,511530325
3905,15621,62485,249941,999765,3999061,15996245,63984981,255939925,1023759701
1955,7821,31285,125141,500565,2002261,8009045,32036181,128144725,512578901
3913,15653,62613,250453,1001813,4007253,16029013,64116053,256464213,1025856853
1959,7837,31349,125397,501589,2006357,8025429,32101717,128406869,513627477
3921,15685,62741,250965,1003861,4015445,16061781,64247125,256988501,1027954005
1963,7853,31413,125653,502613,2010453,8041813,32167253,128669013,514676053
3929,15717,62869,251477,1005909,4023637,16094549,64378197,257512789,1030051157
1967,7869,31477,125909,503637,2014549,8058197,32232789,128931157,515724629
3937,15749,62997,251989,1007957,4031829,16127317,64509269,258037077,1032148309
1971,7885,31541,126165,504661,2018645,8074581,32298325,129193301,516773205
3945,15781,63125,252501,1010005,4040021,16160085,64640341,258561365,1034245461
1975,7901,31605,126421,505685,2022741,8090965,32363861,129455445,517821781
3953,15813,63253,253013,1012053,4048213,16192853,64771413,259085653,1036342613
1979,7917,31669,126677,506709,2026837,8107349,32429397,129717589,518870357
3961,15845,63381,253525,1014101,4056405,16225621,64902485,259609941,1038439765
1983,7933,31733,126933,507733,2030933,8123733,32494933,129979733,519918933
3969,15877,63509,254037,1016149,4064597,16258389,65033557,260134229,1040536917
1987,7949,31797,127189,508757,2035029,8140117,32560469,130241877,520967509
3977,15909,63637,254549,1018197,4072789,16291157,65164629,260658517,1042634069
1991,7965,31861,127445,509781,2039125,8156501,32626005,130504021,522016085
3985,15941,63765,255061,1020245,4080981,16323925,65295701,261182805,1044731221
1995,7981,31925,127701,510805,2043221,8172885,32691541,130766165,523064661
3993,15973,63893,255573,1022293,4089173,16356693,65426773,261707093,1046828373
1999,7997,31989,127957,511829,2047317,8189269,32757077,131028309,524113237
